GSID,Name
xiG6moYAAAAJ,Aaron Cook
b25DsGsAAAAJ,Abby Bailey
PfbBReoAAAAJ,Adam Sieg
j4bMSV4AAAAJ,Adrienne Matson
rORlI08AAAAJ,Alexander Flannery
PC80qEkAAAAJ,Alissa Karr
pl_kvwQAAAAJ,Ambika Dudhate
-04h86QAAAAJ,Amie Goodin
5EFwig8AAAAJ,Ankita Punetha
Zd6yEtsAAAAJ,Ashley Martinez
Zd6yEtsAAAAJ,Ashley Martinez
QUH6i8cAAAAJ,Barbara Magnuson Woodward
peEr13wAAAAJ,Bjoern Bauer
BE4gCz8AAAAJ,Brian Gardner
hmpj8bYAAAAJ,Brittany Bissell
afUaHB8AAAAJ,Brooke Hudspeth
goBOZO0AAAAJ,Chang-Guo Zhan
uuPhhb8AAAAJ,Changwe Park
_4WS5MEAAAAJ,Charles Loftin
tBRQWoYAAAAJ,Chris Delcher
tBRQWoYAAAAJ,Chris Delcher
XoJL4jAAAAAJ,Clark Kebodeaux
qp70Wy8AAAAJ,Courtney Eatmon
7KWYNz8AAAAJ,Craig Martin
cd4XPCwAAAAJ,Daniel Harris
cd4XPCwAAAAJ,Daniel Harris
rAwME_0AAAAJ,Daniela Moga
rAwME_0AAAAJ,Daniela Moga
OVGvhY0AAAAJ,David Burgess
9APnmWMAAAAJ,David Feola
2AyhiR8AAAAJ,David Nardo
e_N9T24AAAAJ,Douglas Oyler
e_N9T24AAAAJ,Douglas Oyler
oHV8cLcAAAAJ,Elise Metts
OdVz3s4AAAAJ,Elizabeth Autry
sfA52jwAAAAJ,Elizabeth Beckman
H_qVw0EAAAAJ,Emily Dennis
ttWAEBYAAAAJ,Emily Hankosky
7rR_H2IAAAAJ,Eric Johnson
3x9PAfsAAAAJ,Esther Black
oxSPUowAAAAJ,Eugene Shin
nVxcWZYAAAAJ,Fahd Alsharif
sLB8f-wAAAAJ,Fang Zheng
EIs1vgsAAAAJ,Frank Romanelli
62lnmYAAAAAJ,Freddy Arce
WhBOpggAAAAJ,Gavin Howington
nImj7ngAAAAJ,George Davis
LTDLG8AAAAAJ,Gregory Graf
DxPNKxkAAAAJ,Gyeon Oh
l2upljIAAAAJ,Hannah Johnson
L35ZUHYAAAAJ,Heather Bush
v_gN3qIAAAAJ,Heather Campbell
UjpFAaoAAAAJ,Hilary Surratt
R7DZZsYAAAAJ,Holly Divine
kK_A0ckAAAAJ,Hui Peng
_JYsiGEAAAAJ,Huimei Wei
3R8XOD4AAAAJ,Jacob Painter
Tbpn1DMAAAAJ,James Pauly
G3vN0McAAAAJ,Jared Hammill
j_MofHoAAAAJ,Jeff Cain
5H0Y89gAAAAJ,Jeffery Talbert
vuqThrYAAAAJ,Jill Kolesar
Su_xrDIAAAAJ,Jill Turner
4Duq9cAAAAAJ,Jimmi Hatton Kolpek
0ScJrxUAAAAJ,John Brown
0ScJrxUAAAAJ,John Brown
VQc7uWIAAAAJ,Jon Thorson
x9Np5NgAAAAJ,Jonathan Labuhn
77ikKUMAAAAJ,Jonghyuck Park
OXQvPOgAAAAJ,Joseph Chappell
4-sMG-MAAAAJ,Joseph Fink
4-sMG-MAAAAJ,Joseph Fink
HFUbl4YAAAAJ,Joshua Brown
xbGau2MAAAAJ,Julia Schulz
22EOs2AAAAAJ,Jungjun Bae
22EOs2AAAAAJ,Jungjun Bae
f3Dzb7oAAAAJ,Jurgen Rohr
GYn5At4AAAAJ,Kailyn Conner
GYn5At4AAAAJ,Kailyn Conner
nbBO7WYAAAAJ,Karen Blumenschein
Hfx46tkAAAAJ,Karen Blumenschein
HehcaaEAAAAJ,Katie Wallace
H9P20uoAAAAJ,Kayla Kreft
WLq7Pp0AAAAJ,Kenneth Record
ybq8tI0AAAAJ,Khaled Shaaban
Y7WlWYUAAAAJ,Komal Pandya
#NAME?,Kyle Dawson
LFX-JN8AAAAJ,Kyung Bo Kim
O3VCESUAAAAJ,Laura Ebbitt
2G6pFwYAAAAJ,Lee Vermeulen
byZSsfYAAAAJ,Linda Dwoskin
O0lgPnUAAAAJ,Mark Huffmyer
8T-weY8AAAAJ,Mark Leggas
bxFvuyMAAAAJ,Matthew Lane
iH7vECYAAAAJ,Melissa Nestor
sW3alO0AAAAJ,Melissa Thompson Bastin
7FHaIXUAAAAJ,Melody Ryan
AxYp-DUAAAAJ,Mikael Jones
qETrd70AAAAJ,Minji Sohn
3zbRaxcAAAAJ,Nathan Pauly
6BlamQEAAAAJ,Noah Smith
w97LKJ4AAAAJ,Noelle Leung
BFUW_6oAAAAJ,Oleg Tsodikov
CcC-LPYAAAAJ,Patricia Freeman
CcC-LPYAAAAJ,Patricia Freeman
86AbNBMAAAAJ,Patrick McNamara
fvGXn-QAAAAJ,Philip Almeter
hbBcB18AAAAJ,R Kiplin Guy
mWJvOEsAAAAJ,Rachael Morgan
bjW3QOoAAAAJ,Regan Baum
jqPJwOgAAAAJ,Robert Kuhn
nCjYc5UAAAAJ,Robert Lodder
XGbsM0AAAAAJ,Robert Yokel
j1uQxR4AAAAJ,Ryan Naseman
Zj66hJwAAAAJ,Sara Parli
VMUtRgMAAAAJ,Sarah Cotner
REuWkFsAAAAJ,Sonia Erfani
EP0dwf4AAAAJ,Stacy Taylor
oy_AMmkAAAAJ,Steven Van Lanen
wnEOjkEAAAAJ,Svetla Slavova
kHdJ4XgAAAAJ,Sylvie Garneau-Tsodikova
50rjo6cAAAAJ,Tera McIntosh
0nkiqoUAAAAJ,Thomas Prisinzano
kynhuHYAAAAJ,Tracy Macaulay
nNYg1aIAAAAJ,Trenika Mitchell
xtPBMsMAAAAJ,Val Adams
xtPBMsMAAAAJ,Val Adams
KdfCk8MAAAAJ,Vincent Venditto
d96yc3oAAAAJ,Vitaliy Sviripa
OBnJVwUAAAAJ,Vivekanandan Subramanian
vBY0ZHoAAAAJ,William Kuan
cE7w8QgAAAAJ,Wooin Lee
ar85wfIAAAAJ,Yanning Wang
kgEZJZMAAAAJ,Younsoo Bae
ZhycmsAAAAAJ,Yue Cheng
ZhycmsAAAAAJ,Yue Cheng
EcDpEO4AAAAJ,Zhaoshuai Wang
kAPWr7MAAAAJ,Zheng Cui
